cpg_density,genomic_location,regulatory_score,conservation_score,methylation_status
0.7993428306022465,0.9498388591465006,0.2974465175076856,0.2684384884245218,1
0.672347139765763,0.8311584207281921,0.45664439878534463,0.47792299784409964,1
0.8295377076201385,0.6149075924800436,0.2622740237000116,0.5672788933156712,0
1.0,0.4382658055736065,0.4076115411082879,1.0,1
0.6531693250553328,0.7745558284033974,0.0,0.7613106249067516,0
0.6531726086101638,0.6983713463554374,0.5639881122118816,0.38290368618002174,0
1.0,0.8237983050069331,0.5003616426086672,0.7472072578835274,1
0.8534869458305817,0.7587929504204923,0.25487341067954283,0.3405392022123269,0
0.6061051228130095,0.8623881788298338,0.6977737005297215,0.8665382107774147,1
0.8085120087171929,0.466191197109858,0.7812710412879675,0.5557750696364243,1
0.6073164614375075,0.9293485164085814,0.017732040689307782,0.6312727622521659,0
0.6068540492859485,0.6493999011730999,0.2711825664301357,0.915159329508438,0
0.7483924543132068,1.0,0.2692572950638106,0.39256728628315,1
0.3173439510684404,0.427703045477608,0.2180290696673406,0.37057636297740176,0
0.35501643349739337,1.0,0.7488424525795245,0.533280134730799,1
0.5875424941518054,0.649477695865662,0.44185215836815894,0.8576757702038633,1
0.4974337759331152,0.4371454990963879,0.42064554760681677,0.3461307849046315,0
0.7628494665190547,0.4790285414864196,0.0,0.08356888037788623,0
0.5183951848957578,0.5199131729514199,0.6906254090627679,0.5597682283182003,0
0.41753925973294165,0.706041486600479,0.12822248154395827,0.7603481599821841,0
0.9931297537843108,0.7307088720088749,0.5179797890798985,0.8900523499477659,1
0.6548447399026929,0.45657499901535525,0.5832130813874575,0.5573677275829202,0
0.7135056409375847,0.5939113519347543,0.9081975787515952,0.5677146785767995,1
0.4150503627573086,1.0,0.1073538802642664,0.8807801468511495,0
0.5911234550949634,1.0,0.0,0.27605166006091586,0
0.7221845179419731,0.709080917418508,0.5551548634261084,0.5722958449633981,1
0.4698012845155394,0.6095008695420501,1.0,0.6880847779850116,1
0.7751396036691344,0.6300078316795653,0.8716839058818312,0.7398437442570069,1
0.579872262016239,0.7533794931826041,0.5628978245823877,0.5480386613618236,1
0.6416612500413446,0.3443018587003986,0.3525091443103858,0.6568882023411683,0
0.5796586775541206,0.5356558656441637,0.7421367789911931,0.1523345293174021,0
1.0,0.18285398153060262,0.2079361400886594,0.5183503175332304,0
0.6973005550524132,0.6998057806513198,0.6429073308068658,0.7407017425108935,1
0.48845781420881984,0.7617989849256852,0.6516410477499881,0.4535411931490641,0
0.8645089824206378,0.4792033844251565,0.818062972249664,0.6617968443179195,1
0.4558312700057955,0.9934966908225082,1.0,0.7393745001605396,1
0.7417727190009511,0.29355858424941467,0.6177247901536301,0.581490159828447,0
0.30806597522404483,0.23390627994754493,0.34731091228775035,0.6840927541993143,0
0.4343627902203138,0.656112954639993,0.4923277063424017,0.4574534869430775,0
0.7393722471738247,0.8617745756530386,0.0,0.6086777440607907,0
0.847693315999082,1.0,0.2915860606732825,0.7720432339178446,1
0.734273656237994,0.485278934282765,0.3772152685660688,0.6813945921936868,0
0.6768703435223519,0.8696702083578238,0.34277348061962226,0.5326937460872129,1
0.6397792608821422,0.5903728826248231,0.5457064616101166,0.6948432808581586,1
0.4042956019265145,0.5568431750147951,0.25327402028533985,0.7929219581273237,0
0.5560311583210582,0.8209149843716681,0.8363092001973413,0.2400117442845044,1
0.6078722458080424,0.7630807196033549,0.5000621194754591,0.8818148129911796,1
0.9114244452437831,0.20590196075393763,0.49720990365841566,0.5827490522637856,0
0.7687236579136922,0.9691350874314739,0.4016315850461246,0.735097986648046,1
0.34739196892745317,0.9450228385368629,0.5465572051576937,0.8894493847290457,1
0.764816793878959,0.4436093246226176,0.7475294794002905,0.3756652605539068,1
0.6229835439167366,0.6989508833593523,0.23986093528672991,0.5081117995144907,0
0.5646155999388082,0.7235075465706847,0.302565053277423,0.592290260824859,0
0.8223352577681735,0.6651684414559768,0.4088821913670006,0.49324929577511434,1
0.9061999044991902,0.4624237115386449,0.09623872295803554,0.9969873151673617,1
0.8862560238232396,0.4320941580154871,0.25422264208355067,0.47864558123464146,0
0.5321564953554723,0.5936114822521387,0.3571337379366023,0.5388906441026267,0
0.6381575248297571,0.8931822548148411,0.7623167542138183,0.6908778063205954,1
0.7662526862807127,0.7359000386486081,0.5787683987005775,0.40957009478478223,1
0.8951090254244718,0.5073464169784735,0.5580769734102633,0.5708638576487473,1
0.6041651524309419,0.7929246776620862,0.7552693886503916,0.713490652250035,1
0.6628682046672365,0.0,0.458788463480181,0.5834279191234978,0
0.4787330051987943,0.8871914250930258,0.6171394549786668,0.6313226282200104,1
0.4607586751838658,0.16507155530547507,0.46903347412025115,0.5441335775103259,0
0.8625051644788395,0.5093897646492169,0.5796087048198886,0.3471059381638466,1
0.9712480057141646,0.320082526343464,0.32517240271652537,0.7143186422678477,0
0.6855979756839332,0.27632963106977354,0.0,1.0,0
0.9007065795784048,0.8902066968446298,0.45971625134410876,0.6536803261566877,1
0.7723272050095268,0.48307469967202715,0.9268244408299819,0.6950528234495099,1
0.570976049078975,0.6866259704326789,0.7778646206724777,0.788544551023372,1
0.7722791211016827,0.5882698552802039,0.7896192453773512,0.3961339006906602,1
1.0,0.7192602068057803,0.8708392165418654,0.9905029316259212,1
0.6928347921780097,0.6192054727650638,0.5265972772884312,0.6904657592845604,1
1.0,0.2792519439528576,0.5591947122216787,0.9763713798178218,1
0.17605097918205104,0.849066704861785,0.31470443136969495,0.5033934008952021,0
0.8643805008750447,0.47656085420967187,0.40517814319188505,1.0,1
0.7174094136476342,0.21085452533506222,0.6847313449313425,0.8050310988069567,1
0.6401985299068265,0.4929712097585218,0.8611653311506449,0.7606080171704717,1
0.7183521553071004,0.9751899476585777,0.4581661172957001,0.6968048908706296,1
0.3024862170798214,0.8125554355283732,0.3649432205445765,0.6002942763851101,0
0.6560656224324976,0.5128369663980352,0.5001583876569792,0.8901063316947746,1
0.7714225143023492,0.5126855739203928,0.6803620246787344,0.6780719739696094,1
0.9955788089483032,0.5195912371956544,0.06684355515993745,0.25658605928256956,0
0.5963459563452704,1.0,0.0,0.4265627076585995,0
0.5383012794213624,0.6954838630578883,0.33483894515252494,0.6128308495614505,0
0.5996485912830927,0.7075104117977674,0.1337862722257524,0.7119997966331111,0
0.8830804235404148,0.8575708635079605,0.3475579407058067,0.6386823022200209,1
0.7657502219319369,0.6596972897566283,0.45566590435475857,0.8937941579587327,1
0.5940479592465921,0.5352394635448242,0.364025477293096,0.25977962719227504,0
0.8026534866226712,0.5509125377287554,0.9357402603412236,0.678717587301032,1
0.719415509869608,0.582099685146484,0.598023429380696,0.28640415492256904,0
0.8937289981065778,0.5906944408725395,0.5901423078832485,0.8019424590968337,1
0.5595893812245295,0.7819073859092449,0.6866621432130205,0.6311082571115995,1
0.6344675706804463,0.6129864714518248,0.15835006466576929,0.7339219944048236,0
0.6215783693735684,0.7831600193038948,0.8117335362260806,0.47722340788204676,1
0.40729701037357624,0.5798208549728544,0.47727071403936205,0.9058929863315502,0
0.7592240554129152,0.6196587975790226,0.7011441851723638,0.8583449328117703,1
0.7522110544359778,0.10044982886697307,0.17844283008795336,0.7667088606023775,0
0.7010226913284922,0.8290819186756203,0.033872370195180745,0.6240965506273118,0
0.6530825733249706,0.6866221189744981,0.7453668974075086,0.7659714570590265,1
0.4169258515899171,0.8495025274649131,0.6129228578292549,0.5086214864025302,0
0.6158709354469282,0.0,0.22938453369274692,0.8211111318041424,0
0.631457096694646,1.0,0.2391010756175917,0.9798961788647842,1
0.5395445461556762,0.5651025929612066,0.8376304353244308,0.8641221119958373,1
0.6677428576667981,0.8770457041843791,0.14317643213980163,0.5040795060385181,0
0.7808101713629076,0.34002351821861726,0.992801885976789,0.7222834634546206,1
1.0,0.7531934762656424,0.22981377960563937,0.3913716912482705,1
0.7349155625663677,0.33664610920658594,0.6915175776825149,0.7644780622351351,1
0.7515100781445528,0.44405775982604867,0.4014144572753046,0.7401206825725077,0
0.6851108168467666,1.0,0.6809562293247029,0.27603673209356716,1
0.31624575694019164,0.5523293998091633,0.33676579936574225,0.4176432312175272,0
0.6946972249101566,0.6543582182949307,0.45116212817831175,0.5933722206512466,1
0.7120460419882052,0.8175169326721885,0.5122757526187164,0.5898280505718347,1
1.0,0.7239204719931511,0.1993437632655582,0.40810461291623895,1
0.6615278070437755,0.637604726285894,0.7222473036260377,0.7277957458704367,1
0.7603094684667224,0.6912402506165564,0.3460359300585244,0.7002947217881025,1
0.6930576460589513,1.0,0.4314200253979944,0.6111461736042961,1
0.4662643924760935,0.5855953007416036,0.20169518761744631,0.4988416999683274,0
0.928564562903004,0.6502747616787419,0.0,0.8597414252833128,1
0.8503866065373548,0.8626635990019029,0.4426916712199493,0.9810814226176591,1
0.8582063894086094,0.8763814832394959,1.0,0.5532877032306927,1
0.5181225090410522,0.896757576390095,0.7353812863694071,0.5275666165690358,1
0.9805588621872199,0.7596825555072961,0.4942218860796816,0.7482415330823993,1
0.4196297874415438,0.3142487718173791,0.4211327512375197,0.5783941240506028,0
0.817371418760054,1.0,0.506739767843614,0.6221205598673532,1
1.0,0.313413651745328,0.6641357345525629,0.7979306303449343,1
0.5018927349738622,0.6756588663097582,0.14575615540734654,0.26812878249854144,0
0.5867404540794455,0.4114310374951605,0.8342965084006616,0.9136604649705339,1
0.7199302730175282,0.5839654133517519,0.7146143946323732,0.6645361048658683,1
0.5993048691767601,0.68219060257587,0.7154557177123804,0.567701371087564,1
0.3898673137867734,0.6803393038625682,0.6315427216429181,0.6321531691557103,0
0.7137125949612054,0.7054801885588211,0.5058849973081969,0.6424858710041038,1
0.487539257254779,1.0,0.701858370790046,0.3037597393110149,1
0.7947184861270362,0.713383575378495,0.6775442401224134,0.9489876454906472,1
0.5161151531532393,0.5389608411773378,0.3937877867176929,0.6582651264541237,0
1.0,0.8410217920720893,0.32791946813092976,0.7386004260894751,1
0.5433493415327525,0.8973676222311602,0.5305568885785961,0.8403099541148086,1
0.6355876967588648,0.29309804621575186,0.9647060454485562,0.44576750848794,0
0.8627034434739339,0.7493500174624645,0.12826787730382977,0.7446943798070458,1
0.4538271367132089,0.7752931855777245,0.059742420274268015,0.5964717818202413,0
0.7454919869208259,0.525609124160002,0.549428252370955,0.8193541550432988,1
0.9614285508564856,0.9439267033279048,0.5152663105568054,0.22455451592970094,1
0.3785033530877544,0.5624861032418683,0.5520024993111224,0.6301811399517462,0
0.7369267717064608,0.6313941133678855,0.5731859593725501,0.5294358688432077,1
0.7519765588496846,0.5567320439290325,0.43303932360955844,0.7364525901268311,1
0.856364574355462,0.6038947618953668,0.9469590315806247,0.7440088374736404,1
0.45260985782438357,0.3259312282761995,0.019728806457045334,0.5084748210355948,0
0.4359086773831447,0.23998727935142639,0.25145089256592623,0.5075652271647912,0
0.8043883131233796,0.998626265806243,0.46902357195528577,0.6278669262885341,1
0.7593969346466372,0.388259662920418,0.007043356653749833,0.4706715545369584,0
0.7500985700691752,0.35215191263592316,0.4472436786703786,0.8183967390904254,0
0.7692896418993951,0.06165247159907128,0.9984410497184054,0.5761585599105108,1
0.5639950556843017,0.4402595630776244,0.5062659464887885,0.06860235613567167,0
0.7464507394322006,0.2692275516481254,0.569210271715605,0.5750355886756388,0
0.7586144946597362,1.0,0.12195057044822594,0.44229123583120555,0
0.5571297163947264,0.8524542723356585,0.31509157758815676,0.3237448369078109,0
1.0,0.42796241370556903,0.3874410859028189,0.40251467235548555,0
0.7947665841823575,1.0,0.4046854709731298,0.6718816943665941,1
0.4617393005594702,0.8454413717478986,0.8844931385011305,0.9157281656496463,1
0.8313107217267659,0.5187921541228444,0.6673073182175373,0.712636894772996,1
0.5050636659545357,0.0,0.1665626129188904,0.5286993223568521,0
0.8574169207484904,1.0,0.5739514335296014,0.7411808390341406,1
0.9317191158014808,0.25260688330910097,0.6494665245490355,0.5581819379562016,1
0.5358635363296579,0.18865031326077703,0.8420447115563799,0.5110799261673711,0
0.8926752258488644,0.85564260800241,0.9741622059705121,0.41912746635340314,1
0.7825561853872997,1.0,0.1954717424516394,0.29963423864965616,0
0.8644120319988979,0.9460682046276295,0.25674274663689856,0.572015258688111,1
1.0,0.7409772800130898,0.12272664232561514,0.6816106979840264,1
0.6509223767994259,0.7486885854163214,0.4297940422679056,0.6306752659970221,1
0.549252767128502,0.8133538896950769,0.6399075123339003,0.5668066144105283,1
0.5220971140748953,0.7897321474466913,0.7962003549767305,0.4608507878606438,1
0.5368379430069123,0.6702978559923439,0.47721469290724317,0.7716492383369937,1
0.6845796581171791,0.626050275987969,0.4040457430235468,0.386573616010683,0
0.7682303949633287,0.5843517180251194,0.5455273976746221,0.8052055827686951,1
0.7553381598660037,0.41150885278333094,0.24945712951099308,0.44955659621465505,0
0.8654366498072047,0.5298312307833064,1.0,0.499512952529393,1
0.7026003783755813,0.1767607964511536,0.017701691864582425,0.3566429618768646,0
0.9907068154314633,0.5754150933013125,0.5554221736687174,0.5497195706228727,1
0.6470686333524087,0.3528522232122706,1.0,0.8450624916955958,1
1.0,0.32410267069605725,0.5020399533679993,0.7531256176887913,1
0.8251334695530013,0.6449735377883696,0.44298828949955166,0.845684422405607,1
0.5285684887167434,0.9480005715861498,0.39276637315687185,0.7544285091867872,1
0.4858215003877775,0.8295791515005783,0.4458824954712777,0.4292660342939262,0
0.796494483048637,0.20737484909420573,0.911854542402959,0.5838421551344886,1
0.6553074429348298,0.3525929658574156,0.0,0.4939601741765075,0
0.8428000988184183,0.835192796997054,0.9600301103888976,0.9161149808078081,1
0.7946475249147089,0.3543781516154226,0.07281285426495648,0.4106422707147377,0
0.6854342174686254,0.5438417125007439,0.4200043012296756,0.8287395378778222,1
0.530641256386319,0.7375130247561379,0.37122667391040143,0.8285907740217539,1
0.39703055506282703,0.35791388628409115,0.6765659809312159,1.0,0
0.6106970095865958,0.6263438765364899,0.02056269443487574,0.5680626814741006,0
0.8712797588646944,0.26649362627044887,0.6386517998245829,0.7924644319160324,1
0.7428187488260407,0.44965808901219656,1.0,1.0,1
0.45085224425760234,0.6799454835356342,0.0910477986221569,0.5264716646132607,0
0.7346361851702363,0.20175156661708266,0.5569118502831187,0.34299195049352804,0
0.7770634759457673,0.7101186844900997,0.30140534666101726,0.27399799321844726,0
0.5232285127597733,0.5950905502683297,0.6277661618579107,0.7925424057722663,1
0.7307450211891056,0.738122488604287,0.5057443332247256,0.27336995838828326,0
0.7116417436892,0.6559785335161653,0.30755392728670716,0.5755361894124155,0
0.4714059404338753,0.9410351074934611,0.6463616854613222,0.7374626374077922,1
0.7715574720696566,0.6313061256619767,1.0,0.6870351073659828,1
0.8121569052736468,0.4926486147186867,0.4427288624818104,0.7350889728368345,1
0.9166102486350554,0.630574375758071,0.7159273826444545,0.6944579711601708,1
0.9107604104069805,0.735824507259097,0.11201811263865091,0.9057731626626786,1
0.4244661264085817,0.612215017581426,0.21306908695459736,0.45953672385224065,0
0.5124349920169754,0.6101479228009705,0.6417218833641132,0.5146009723082937,0
0.803007053441732,0.42450207804831114,0.9452348085607895,0.4954681109458352,1
0.8027571901824417,0.43427477061226294,0.606684004635698,0.816038362372522,1
0.8030095372612096,0.2493486820500766,0.4060825908430537,0.8300797176790128,0
1.0,1.0,0.49978742162700623,0.7402450638637017,1
0.8141781021386334,0.2890341911521787,0.12487767980908476,0.8866987333779857,0
0.9271131280361198,0.42677370055102315,0.68135459790661,0.41439182652472384,1
0.8908003526986404,0.42039818360770065,0.7646999186970227,0.9834448223102275,1
0.8302782502611595,0.8237310942361102,0.3643729001500759,0.9546477243424517,1
0.6369461510719309,0.526262580426993,0.35898735567214957,0.7971243994491494,0
0.8517938440986534,0.9119355181684334,0.5797634688956146,1.0,1
0.5454349570924856,0.43162734393903285,0.3689840791878214,0.3186753584644452,0
0.6526362786519981,0.6697485405559505,0.48016021561225325,0.5451103727474697,0
0.6029272904341793,0.39116323668506064,1.0,0.5029393078636095,1
0.7163748278772645,1.0,0.42589228977620097,0.7942958647514686,1
1.0,0.3031003952426218,0.39249795439363333,0.4399718520795709,0
0.3265469614816503,0.6774551775567569,0.30573745830945226,0.8014990298674971,0
0.8372520380749027,0.7584442202330246,0.723257591449981,0.9241072287993427,1
0.3774568257620696,0.7034497743628745,0.4456327480345691,0.7890405800167999,0
0.6056136268421133,0.5536780852805729,0.3051880885035722,0.7067502047323002,0
0.9177901193934732,0.5675448250666434,0.8963912096819036,0.4524253318198502,1
0.7128560038190925,0.6109528679947773,0.9258809013540912,0.48062980677492706,1
0.4844510444141387,0.5632494995928778,0.3198729302783885,0.8999237810593333,0
0.5569392581480063,0.8409697791987274,0.0,0.8058698007810665,0
0.8359195497869352,1.0,0.8022541069510767,0.6421960961244912,1
0.5539266736565727,0.4606270537480416,0.2946110522719988,0.5664180908468219,0
0.7432917179163949,0.2575492551052305,0.7371876797488306,0.2448384253777246,0
0.7091143679807627,0.5779294879121862,0.0,0.4358295162631123,0
0.5696799304788365,1.0,0.7677792014897927,1.0,1
1.0,0.3990813580075673,0.13664842121576565,0.39390888579950667,0
0.8267838044636022,1.0,0.7192292357199573,0.6878959642442162,1
0.2949714826684785,1.0,0.5042819203509302,0.8514887946390397,1
0.7372908629538855,0.46160293957300136,0.21381817418100657,0.3990154663995415,0
0.5676427070463224,0.7422457697963188,0.37788910612196586,0.6869420949562167,0
0.8704866669592448,1.0,0.7058955370870102,0.837583107502131,1
0.5414958523134599,0.5052180647531282,0.5317683359345703,0.6524998643814501,0
0.6770527117066202,0.5491049099744095,0.6753238941417452,1.0,1
0.8009974557960914,0.454579771512839,1.0,0.31628014822436096,1
0.8731510388340242,0.34631081732678326,0.030727516486684592,0.8617457059767758,0
0.45994071858884467,0.4376806137334982,0.9851637724905872,0.6154396525207071,1
0.6330997528318103,0.29401493330943584,0.5313067812569638,0.804384030967335,0
0.6050109377678087,0.6085208670648065,0.23036478550306155,0.7382614303398491,0
0.5693341534852576,0.40750669223533953,0.10090591227830309,0.5033687605780007,0
1.0,0.6584464779476868,0.44326388276688994,0.6957992784918681,1
0.780996342192191,0.21102608844909315,0.7764950335773377,0.2784197097203426,0
0.4478232091329909,0.6827200580536142,0.46173526388673974,0.7706495001142788,0
0.8835723894109552,0.8083822404022312,0.9533464790742042,0.7096316931981052,1
1.0,0.10156608935713612,0.06464729298453237,0.7777320337286205,0
0.9064930521102293,0.693514142461893,0.49637331564618364,0.86162366501743,1
0.39612600680919724,0.906917248118323,0.12428196667606428,0.7235239680419422,0
0.6031531854267497,0.2975897453271986,0.6090895647874903,0.6796178839596553,0
0.9533822298373245,1.0,0.7660662170291901,0.47378633266774156,1
0.5584661068762438,0.7047547523415113,0.373771461895684,0.5075558472701898,0
0.7887638856292456,0.42374703606039776,0.0,0.8873469240354662,0
0.8549268106858673,0.5860577305855734,0.5596844440389483,0.9372670811411957,1
0.5146139056843834,0.7395817281304305,0.6310215655200528,0.6023779127375892,1
0.6880949287876399,0.6190013478531029,0.6212884264885092,0.6592005494506549,1
0.051746531986185396,0.7346889981115923,0.8707346575466461,0.46907712500124676,0
0.49512247173314194,0.3698316017301584,0.17868389610528534,0.884551369053489,0
0.6494863697213679,0.6423402060090195,0.7040648316351348,0.7830833647383557,1
0.4504433636070301,0.24657137577375493,0.8577522537433925,1.0,1
1.0,0.5721934846628249,0.0,0.4743353845640522,0
0.4139717244078734,0.37402308963380254,0.5958955477756932,0.5743984201963566,0
0.6119911026606032,0.41611751435255834,0.3487460506976986,0.6962891845051145,0
0.7261481154572182,0.9090232938026093,0.47554319806950623,0.7792979075451542,1
0.9882546578132231,0.8728275301485673,0.604302945061501,0.6068664724904735,1
0.41282756976411206,0.7522845302267942,0.3538314307659343,0.4754077819092599,0
0.9326327504309919,0.32692180883185523,0.29728757625151647,0.8262815057847143,1
0.7020466122039174,0.5208978875762995,0.5102457252464074,0.7942270725091164,1
0.5036982697904098,0.9032744249947958,0.17382621834115924,0.46674517988725506,0
0.7924206948526541,0.6354292284099762,0.1742524613344444,0.9210885602210992,1
0.739811939114694,1.0,0.703811984886951,0.8840397418393208,1
0.579956624568241,0.698329459848593,0.1553617894524032,0.6768592994495586,0
0.7139604169980037,0.6480122791225079,0.6998937502727636,0.6659195724752073,1
0.6229372806276479,0.5227208839493747,0.6387773878561853,0.7608115542231815,1
0.7227034690502495,0.6333852261955706,0.0,0.47765938594874835,0
0.8324261349042092,0.561882540904864,0.2967306042993035,0.6560062958328164,0
1.0,0.7770271691721475,0.8582328209142117,0.21952329107816393,1
0.4524369002346301,0.8391755791986459,0.2056503406580955,0.8252911291005871,0
1.0,0.40350263487301263,0.3606787213071837,0.3377013555116281,0
0.30958244009549957,0.26719176161055547,0.638618267975569,0.9506839656857998,0
0.6696429809928833,0.14094865672417584,0.7350171527847786,0.58397598120671,0
0.8176634412969153,0.7269978317281359,0.4245383341866513,0.6076666036137647,1
0.7561983735470065,0.3241583484565316,0.3207469415925075,0.5244532187830989,0
0.5754600960358812,0.06177735176187926,0.9267109585095523,0.5923922252155848,0
0.6583755499285449,0.697144651132741,1.0,0.9337062690296074,1
0.6013998130682334,1.0,0.7936574152345386,0.1524382686929841,1
0.5821270486111576,0.5984822721150267,0.5255954427695072,0.9053930772176375,1
0.869920419404205,0.8096226936129105,0.2575202835077221,0.7176046962203416,1
0.7714030971930095,0.6204573396368912,0.2508666780330304,0.40859567042855693,0
0.561418080947869,0.5752775867022143,0.6567542315797272,0.4349375213901524,0
0.8799199750866501,0.8297691207469421,0.6255194662666052,0.9852786054416407,1
0.7614599041753218,0.5274313639528372,0.9204795778839288,0.46089862401145376,1
0.862572423767792,0.6668480785179757,0.6951350277608417,0.4193298978808081,1
0.8259257683847224,0.6804244515490034,0.049075909472054646,0.877462908472946,1
0.5342009978155855,0.4329773865892378,0.8155842853168755,0.7177105752571828,1
0.587963791960606,0.8480105873841307,0.20058181180567614,0.46241488469272024,0
0.8494587210246524,0.5562600608261479,0.38480861841429453,0.6933249950809238,1
0.8220740530866929,0.4110637101267888,0.5750600618755084,0.4448494632719445,0
0.6958196812071703,0.7341274608926008,1.0,0.870164279684521,1
0.7234654766617563,0.37538300455224066,1.0,0.8622741929746267,1
0.955532979157685,0.6070452893422821,0.6820169177408548,0.7564012397643887,1
0.581685722232834,0.5977202508389491,0.44504101438388366,0.7223322122494034,0
0.8094194762340076,0.8714738914578946,0.6603516945441651,1.0,1
0.6595614695132211,0.7186745582199882,0.7662966277621508,0.6499372654776451,1
0.6564637593545559,0.593743260313714,0.4037997123328425,0.4136251749158398,0
0.9197553703974379,0.8044415748000717,1.0,0.7398947825664615,1
0.865083269797606,0.9475518872543283,0.5690212277574206,1.0,1
0.8627019272001277,0.7394525765879656,0.6493229267274183,0.4470481013628296,1
0.9610957614308657,0.6025881549608452,0.6997772756163384,0.5777074466612029,1
0.7042007683265518,0.2720409419124601,0.6264759831843367,0.7332892076202906,0
0.8363905942589928,0.33372158423115683,0.7516821501408837,0.6392190301988522,1
0.6379466486813088,0.5236938239113331,0.314824044035923,0.45353928392453713,0
0.7648332704976883,0.4476219494601792,0.33250947381619084,0.8743715712460942,0
0.673971389126463,0.5532571742536385,0.16995373010849152,1.0,0
0.7193991929985436,0.6141624812242767,0.631850369186068,0.6892262918047815,1
0.8190314050873827,0.7324231885891826,0.7336809510536342,0.46918634205279997,1
0.5363558633533054,0.5823753054852272,0.6373318598455657,0.340207894989305,0
1.0,0.7216254109565504,1.0,0.7015951962442362,1
0.49879652370005956,0.61611860370253,0.498321194351286,0.8707754686632516,1
0.4571622774424535,0.10613335841153215,0.7006224966777538,0.7450335492990764,0
0.9316221747000135,0.3651661515453114,0.1724897371582057,0.6495192318162293,0
0.8583325387925871,0.563978111069596,0.38387008925767974,0.5321456696421387,1
0.824823963410431,0.2975763142897231,0.7086613272697333,0.4315672734563821,0
0.8256691018528559,0.7499821824990511,0.7547306332229432,0.8169502652649765,1
0.6975506454306171,0.9826877080859243,0.4118099157007453,0.8327543242771172,1
0.5205491257028336,0.9046904629243291,0.47852022444257997,0.3408540426618534,0
0.7151609116387452,0.546639282267448,0.04463787599575719,0.9679677956361368,0
0.5645676576975776,0.9726815342124879,0.3928912397580172,0.7648142441788003,1
0.8950239466835502,0.6371668643005278,0.7671149490559359,0.9299189290291587,1
0.6705885236995722,0.5157285072204901,0.6725615048319699,0.381574450302977,0
0.5349005606414976,0.44664933411476504,0.6501997164143629,0.3768351689169122,0
0.6357228316694012,0.5243825783779679,0.514932106154288,0.6202061380465407,0
0.7825862908551249,0.5029557953646928,0.502118947588453,0.7505568853790389,1
0.587255089439205,0.6426040555938719,0.3019036581579659,1.0,1
0.5355559208867137,0.6401434952624662,0.7096485260607605,0.7912157827630264,1
0.7487374422983825,0.6007615050383536,0.626291883316817,0.6014637446375933,1
0.7489933142217445,0.7092345424365875,0.6476056543978398,0.4447261584668216,1
0.598611364925774,0.8976615686965853,0.3421895471997259,0.8960001145438301,1
0.6057923388763354,0.8373885338603309,0.0,0.45705891484985706,0
0.7464099874715272,0.2287755078875241,0.8291458135261087,0.9756937109544643,1
0.41038313170053514,0.0,0.35634876319747877,0.5931230700786981,0
0.4185072451246889,0.8335799778098184,0.24116727078706385,0.9681164145235701,0
0.5563111557495127,0.2582803253961447,0.7080436735741981,0.7857862580118558,0
0.6573105696576305,0.5438086495268291,0.3823962080242611,0.6226009021115084,0
0.7621815131196009,0.3074717434851601,0.8179809152139865,0.5461207256347747,1
0.9950712433899104,0.14950489060499506,0.6851017848730092,0.581818424530784,1
0.8715319246404039,0.735365682051197,0.7050707969601433,0.7356633384750475,1
0.6680122940073145,0.7897887900756617,0.09021328663983974,0.6654312992435434,0
0.6961967584194622,0.4558723998183201,0.8635831956159201,0.531237718386259,1
0.4994941270724382,0.0,0.5783751593701568,0.6168737179364736,0
0.6962973728015219,0.46343888793687926,0.38921685822613905,0.6657154059438299,0
0.6422682722159723,0.6979510013506366,0.5430165402026753,0.22425318111703757,0
0.7645437120676178,0.23027210780646779,0.0,0.7416336229577398,0
0.5345538112895354,0.6458399799447889,0.6225958434442013,0.45405575505663864,0
0.8038693028482344,0.596172537706751,0.19118854754537856,0.419333519358851,0
1.0,0.7448228749002721,0.09419891424693966,0.3125311305778579,0
0.6782479703086284,0.6298950921035383,0.043292244134632674,0.2912215004264219,0
0.7803423444197882,0.35673276477961113,0.8338065124969776,0.3789104993775422,1
0.8380287983422224,0.8991428754161228,0.3112209818921634,0.5081958084739019,1
0.6197559056228327,0.5603676067432575,0.9601183129749498,1.0,1
0.7448184963620833,0.593173865122517,0.33925956108431066,0.5448240648209592,0
0.702518480156359,0.36668301023170097,0.0,0.6855500212536063,0
0.7195352197097663,0.4891794372021224,0.1650426680154023,0.7300962773012658,0
0.5453980432289066,0.3787993214932748,0.8707434860020815,0.6762130372431697,1
0.7049020348517885,0.5567634850191442,0.45323054661899975,0.6345113078548013,0
0.7995996582490899,1.0,0.33551381105281974,0.4109412472801511,1
0.9902287215590083,0.2570247142671609,0.5480054677558364,0.9401855096558425,1
0.8918541652170413,0.1966096505308147,0.6505348208502635,1.0,1
1.0,0.9677925818734021,0.8352196447707383,0.31346826117546284,1
0.5465304874223901,0.5476690807120335,0.9345497689678779,0.44519428182272414,1
0.8744641273441356,0.4327318153350208,0.3920694062632743,0.5940379315245988,0
0.7366684011476703,0.8599761718490191,0.10218569417538853,0.45709244101796176,0
1.0,0.44859611506578395,0.37596045166301717,0.7511931106911731,1
0.5383403429289697,1.0,0.5780841519748658,0.5043455595186774,1
0.5320556315638447,0.7694814678348172,0.21087232213681673,1.0,1
0.5801214709111955,0.47802214796357434,0.21285472553148715,0.8881097188687193,0
0.27522085513803857,1.0,0.6031363644649657,0.692514806126443,1
0.5948489956638477,0.44857126924916535,0.48540429452886463,0.8553972526639465,0
0.5481734676892603,0.7855238430023267,0.509839098623476,0.8711800848714618,1
0.7300787572952415,0.674823145101623,0.27245139958997916,0.5372105023883513,0
0.7683511951554318,0.9254353223496995,0.4308797857382698,0.4867565510916071,1
1.0,0.9903777991817131,0.22273005671950868,0.6656286125939295,1
0.89008476763721,0.6080010372664416,0.767059523337436,0.8223272248995889,1
0.5846192688675194,0.41164553241345414,0.8105748004171258,0.6778120797306836,1
0.5203170657303283,0.7149930357347791,0.0,0.33460070356180055,0
0.7983838343013011,0.43057115756197345,0.22114674194227701,0.4894351112098315,0
0.43595335859587153,1.0,0.051041223472976294,0.6352054272811244,0
1.0,0.6341338327706844,0.30499281967793057,0.634866879134834,1
0.9358880241442573,0.5086696121719728,0.47496860906289173,1.0,1
0.606164869579059,0.646170076466227,0.06510643409044098,0.3728024115202004,0
0.35737309418182445,0.26321842761757586,0.22344205606240608,0.751117848367175,0
0.9707744748330825,0.3570964903723371,0.19881278837555044,0.947822621665658,1
0.6770920309494763,0.9001034769861063,0.5621801988196832,1.0,1
0.9475632623946924,0.43577643025715107,0.5208033011108751,0.5691205153632077,1
0.3811144682411265,0.3382722543295151,0.283478733998824,0.7482858905440399,0
0.5801249954092453,0.7341631881318216,0.5530462616418194,0.7639520714397294,1
0.7010487399436366,0.8964260386657492,0.33599597462382036,0.6890963463106582,1
0.7093961187529484,0.7797383276662666,0.41850346690218404,0.6302309597521388,1
0.6099869057041513,0.8490119214514541,1.0,0.7371950779000092,1
0.8245699864694997,0.4108012278576348,0.9021383155371043,0.14355078295606294,1
0.48647591412348107,0.24454733331453904,0.11012562892172073,0.7864138980125263,0
0.6715241029957413,0.9753334129888717,0.7489197253637523,0.6752355807323934,1
0.7240591263423797,0.519330040289466,0.7434189663474776,0.605505020644347,1
0.8028877668117498,0.5372917458862382,0.15552101337421453,1.0,1
0.8423229756177779,0.9320485354622645,0.7456332931264582,0.5150131962418896,1
0.47507158163242613,0.739057502350165,0.9613795755237659,0.5693848021869938,1
0.3931771658528755,0.7139719430204019,0.16323655812667587,1.0,0
0.9555353643797018,1.0,0.2247491536957209,0.4835877390300287,1
0.7664628023959182,0.43912044240496423,0.8052984400530507,0.5399769434126922,1
0.5503026926886893,0.8319600320203093,0.5814485932476944,0.62059491531383,1
1.0,0.6142532812242711,0.665442882571857,0.8181468964259099,1
0.7231349268585717,0.6671480697158142,0.602176764920149,0.6915605014706627,1
0.9358594368127653,0.9821171066031329,0.6172087762784433,0.39147493056954746,1
0.7135036962820217,0.7269589390724059,0.10205836150667513,0.5435662873745621,0
1.0,0.7345740197624082,0.8141953119864345,0.5285291133575577,1
1.0,0.8681268343274505,0.850876997728332,0.6345557909553909,1
0.6502071703041853,0.5087618176142786,0.43118277677959166,0.7351687317259659,0
0.8943141901908711,0.3901975831652484,0.48695691505584127,0.7336411511775944,1
0.8290751899170294,0.3387977014947416,0.04066774923328337,0.2947976491903196,0
0.9737263115064697,0.10841085265599953,0.6542764268053505,0.8627881975121713,1
0.5070153078839791,1.0,0.6716172325142432,0.7005137691993247,1
0.8372102919996878,0.3241979085695792,0.4813426949002067,0.9269064095187813,1
0.9116848973699175,0.544686594103557,0.8373060079611507,0.7388396654581344,1
0.3482521027153771,0.5307966750277698,0.3997768307060178,0.8702645915471525,0
0.4633482974668449,0.6768516744522751,0.66938177776808,0.7433090622900254,1
0.2921535644479798,0.8039343031348242,0.19410069839236532,0.9192451512405497,0
0.6461186331110884,0.8151183720899363,0.49293435473772856,0.7544501272035558,1
0.8435084511591924,0.4542306403577654,0.44769372262914925,0.6304169507114192,1
1.0,0.5582195715533971,0.5675923766122825,1.0,1
0.714818956083955,0.6706449876220749,0.3891419213499924,0.8278074244559784,1
1.0,0.5378272184541132,0.46055822129849966,0.7647488842008827,1
0.42397970835702165,1.0,0.7478141514324519,0.3947391166923328,1
0.359323512128969,0.7227437379095628,0.36897072882853477,0.3923384765072925,0
0.6888904602206762,0.7837194465124544,0.018026869778396237,0.7085430964283707,0
0.7768130897878615,0.7657203171668532,1.0,0.6791042395536482,1
0.6934610503811813,0.8933684643713312,0.9144362236071459,0.5271754869983367,1
0.2865115799920246,0.6452553896759268,0.11232119146831443,0.678196539922412,0
0.6821759920974423,0.27579201301103834,0.7069123415735583,0.9677253856087192,1
0.4391060998990293,0.6999219879381604,0.34910756883459704,0.7890804949100598,0
0.8339345097660077,0.4371607765520427,0.5790461645993179,0.42179829804945235,0
0.7733196492193696,0.46784582956256077,0.5882672387040481,0.6276982345714113,1
0.5120240427345288,0.7465910046887733,0.4296776599051034,0.48900670382948785,0
0.5972266165326612,0.9095707678584088,0.2648703003240811,0.5724600167182878,0
0.48815729562220966,0.6053178941840154,0.2928376843051222,0.5672768668740715,0
0.6874641805453656,0.677208253149741,0.22514242535562728,0.5544708834791989,0
0.8910284641002476,1.0,0.2504533375308666,0.39897292560532105,1
0.5028547907328912,0.660188294872142,0.47984651298519343,0.624469063696362,0
0.8008093031035688,1.0,0.2852720032667745,0.537878472630538,1
0.5939484763255118,0.741377411407886,0.704615619713786,0.06411026199954639,0
0.5414254335475311,0.15980931021104555,0.9461738466007782,1.0,1
0.6785939280090884,0.7883354052761331,0.32598402758898715,0.8677539308433344,1
0.49295153551612514,0.6952895962206944,0.5718213501606131,0.5747398550150008,0
0.5892701389305636,0.9224381885206864,0.6499055330908802,0.6537638099481197,1
0.4604244214822303,0.7682953378174896,0.6416006812757823,0.4156691305364877,0
1.0,0.5653860040040565,0.5227865803748262,0.9891445755621731,1
0.7070527103943457,0.29392544092765854,0.7228047255079167,1.0,1
0.5600548984014828,0.5477441856784937,0.6446746858041972,0.681338745649305,1
0.7427959821468444,0.38736988644767495,0.12870127330181064,0.854706128837069,0
0.677534390061834,0.4548691375488193,0.7607468193167819,0.6850573557867848,1
0.6558060800933554,0.7471446011051524,0.7661872511800226,0.3826549122248139,1
0.822833340008685,1.0,0.27101416874642553,0.5676353262072685,1
0.8515015420094609,0.6986678824557453,0.5113813506342806,0.6763855933543914,1
0.5938997704778944,0.3010292344912039,0.7049986978433208,0.5590904562513112,0
0.584836351871064,0.7111506670550352,0.4372058541261915,0.6062693445129929,0
0.6449896605696711,0.8991578716614128,0.8218934143298036,0.6317200884981772,1
0.23961576705288296,0.44755427392015446,1.0,0.6338243004269077,0
0.3969617875602895,0.5664957083317705,0.2642041902095053,0.6604516980994967,0
0.9733748534889048,0.6036720486822993,0.08568661905386754,0.4378789867206798,0
1.0,0.40377542172944,0.5911455786814627,0.5065967701744127,1
0.6501927920887243,0.7620701084609647,0.7164687515378431,0.39308314686000617,1
0.8153113926111533,0.5697629628480546,0.4307400878465693,0.84556310993724,1
0.7622500309087071,0.7048831109767569,0.9359781989963103,0.22887061163193512,1
1.0,0.37812695554947495,0.0984182600830254,0.8807180686633851,0
0.9239149822869153,0.49063542491914736,0.7078755869094833,0.9272698794525687,1
0.6744164817038466,0.7805953394569428,0.318241753772332,0.5895638826034757,0
0.5088919118799148,0.5067917119770582,1.0,0.1293725824345403,0
0.3787107359484854,1.0,1.0,0.5777378876065419,1
0.7406927271734446,0.5000909535963494,0.2700030236649956,0.6371631677422361,0
0.5487298509431393,0.6561711814379715,0.33513285922742597,0.44788035601421733,0
0.4155492580804651,0.8331477079682724,0.7578763660939405,0.5469563212383515,1
0.5706854231514946,0.24540856676674205,0.3838608050631456,0.9560390397726704,0
0.483690399277121,0.159797797004806,0.48637663462032854,0.7829854324603482,0
1.0,0.2185859213574763,0.507616526162723,0.46508717712438,0
0.8763279513898901,0.9156460258567956,0.0,0.3304801660809136,0
0.6984054717366764,0.4620354635268883,0.49584867617172884,0.5845965364780458,0
0.9959888277780051,1.0,0.29308166778074785,0.6073086441299124,1
0.7154736615295236,0.45893810033565285,0.35206315328006843,0.7492398374726633,0
0.5277431597343472,0.6461378257992593,0.9330896010406442,0.5429366574864682,1
1.0,0.9855274881419689,0.12304793171622314,0.7522999150723724,1
0.8077820087369317,1.0,0.7439615560243932,1.0,1
0.49255076913470863,1.0,0.41631112090045747,0.8131002044888526,1
0.6619322643832783,0.9020915576482855,0.4160719494512497,0.6403822985338455,1
0.5248763493230485,0.8560156314528655,0.7371115688155134,0.6133699057893411,1
0.42344005380713273,0.7481317373002958,0.6020153883706671,0.5786653731640258,0
0.8852355095063282,0.7945902690416594,0.6711838991658593,0.886128182490429,1
1.0,0.4622035709178666,0.7904553981598583,0.5245373108097394,1
0.4202864852361717,0.3954502791444232,0.4006074850450032,0.6590445417999965,0
0.8125938473381141,0.5991563856472619,0.3163289796476749,0.6602395803762171,1
0.5698714861756345,0.5574538443687679,0.1744548420326606,0.5496431614376937,0
0.6025749232470607,0.4866929876681812,0.25237684100631347,0.37550689042317986,0
0.5815212151522261,0.7740968618641788,1.0,0.7145949007235337,1
0.5272018460640367,0.8388263021426277,0.8734038742210359,0.6377992056289233,1
0.7097043255889653,0.6221017215729618,0.09467769013759358,0.750048093887314,0
0.5338099767177924,0.9693825202638154,0.10326261297692896,0.5432799387121666,0
0.7540913651559678,0.3145777214666237,0.6445598185155474,0.8941642597626096,1
0.6899523781101725,0.5515851351800705,0.6641794392133901,0.47464524375763106,1
0.652210390626718,0.4207944198492988,0.6646651505952093,0.9924080568035786,1
0.5184872675916804,0.133365845731735,0.42351326193389066,0.3004726980343477,0
0.5846457338863333,0.5793298285393251,0.46236372199912995,0.7369540129113783,0
0.8510782451651512,0.5695631229041791,0.5983638572478072,0.7450861365053247,1
0.8001834375248761,0.9783624358105327,0.5257679018879992,0.49088858641182354,1
0.5044889510402897,0.7577029211386943,0.0,0.7348787875722025,0
0.7198664610858452,0.34395329391769874,0.4310601108274419,0.9059037339520317,0
0.8502774246743577,1.0,0.24457806972190593,0.20663623212918714,1
0.36611894377572557,0.9052584238813381,0.5525634256725536,0.750548961498163,1
0.808672038475987,0.745524425867154,1.0,0.15134583593398448,1
0.5674752482108306,0.543378975287542,0.6102444996422913,0.45686703929535843,0
0.8141197337186319,0.36014019081913007,0.4059410941482806,0.9758332729801891,1
0.5473481686914966,0.5069483059822367,0.7765404505931757,0.5336435933215892,0
0.33902357986709614,0.8721871549260465,0.6448063661627638,0.4152240071182055,0
0.3744915124233674,1.0,0.6260283471355523,0.6104124542030637,1
0.7096169893322763,0.9858108820680472,0.6820551779647013,1.0,1
0.7519445003442964,0.4777876445534315,1.0,0.2836635505587948,1
0.5191366749791182,0.3200956416777472,0.16073346940222533,0.4397380176721311,0
0.8277184917554747,0.635221561727801,0.6420896230434363,0.9494863366359253,1
0.36769598754620797,0.15789015860928707,0.2220856610055385,1.0,0
0.6867840402705366,0.6807919285461953,0.6666537939026744,0.6293137551419432,1
0.4577967600475086,0.5630993534253328,0.22439404655417172,0.40218945949467155,0
0.569632778439568,0.48349087453293943,0.3747899559184747,1.0,0
0.7094797342632828,0.20132423318330112,0.4114730257286281,0.9688884783498394,0
0.5279173269432095,0.7284000266424291,0.7927450158034127,0.7857893975524466,1
0.6230888911540349,0.46682479008452216,0.7755363331827241,0.48751953021251604,0
0.9012585618428881,0.30752079107242797,0.12628478706608465,0.6401941318323927,0
0.5846216260953702,0.0,0.5164802332999546,0.6179279837910339,0
0.8671384224130283,0.5931212737373409,0.2871260435752482,0.7161702609231155,1
0.4740586290684763,1.0,0.12244852679739965,0.9402002876262672,1
0.8059608355830565,1.0,0.4348948848726889,0.8258834082274806,1
0.98831372413158,0.48572593585343204,0.40745516346325406,0.43452478460304833,1
0.20567109997454208,0.4494469849095548,1.0,0.9252992900039076,1
0.5406209489059046,0.7171935640187559,0.6298879476082089,0.7126264280026311,1
0.815414425436108,0.35040364020292714,0.08671474977372884,0.7874131591717832,0
0.6593909227914014,0.6754479749548665,0.33056779874871733,0.9433081718557206,1
0.7742291746742618,0.7915200695961726,0.8064149886288194,0.42768395009728977,1
0.5792029626568358,0.9067333059710769,1.0,0.6428348842587074,1
0.7173179574945799,0.5749614808800118,0.024205006328612555,0.543709089728157,0
0.6688645529215841,0.5490815624557586,0.0,0.33642811492690883,0
0.9335564123319614,0.38050435331085974,1.0,0.719341995520984,1
0.7508841686602425,0.39327991149003494,0.6168842532112712,1.0,1
0.7675205324150404,0.5433802770246183,0.23951218043709005,0.28198445109884945,0
0.6176246067755065,0.6918413767040446,0.6603887258367306,0.6435438777901059,1
0.6024787551855012,0.8283961565583123,0.0,0.7781085870149547,0
0.6134883624360757,0.39920526232991377,0.5010126519791483,0.6746156403312362,0
0.7788904284756594,0.9731721422398805,0.5983463518529256,0.627374389496852,1
0.6158031038359474,0.5322190997393578,0.7772810418613489,0.39015672731083517,0
0.7579549713792826,0.594658176412891,0.1958312143122387,0.6965573485880328,0
1.0,0.41319708021304413,0.5257061484210077,0.4986472045968148,1
0.8742249406863385,0.0,0.22237261218212384,0.21201565900428931,0
0.6347952935664317,0.8210113490902624,0.5766151267022951,0.8889184441027462,1
0.940242784432789,0.7842109742731083,0.23139610329109278,0.8416771639684085,1
0.6183849253956897,0.5296681107204466,0.3775697482519338,0.660332195370216,0
0.29237509296442915,0.616747679306218,0.20125538156293127,0.6958149376411406,0
0.4983827378165191,0.7289848044260249,0.6953408725470971,0.8648636025431123,1
0.3258416157948288,0.2093635357783643,0.7575353349969995,0.6948679313556165,0
0.6296973031917382,0.4677368306634263,0.4296138290127759,0.8308035109522629,0
0.7036836758379102,0.7985661699054567,0.5114713984880085,0.59050355982523,1
1.0,0.2864276442076876,0.06542257560993675,0.9123967477147894,0
0.7653854747528325,0.6733894830416574,0.4100970055979639,0.7141571451865368,1
0.6561798942382271,0.2608545488441487,0.4849386148874766,0.6888103887211748,0
0.8658811162366978,0.7166074956083816,1.0,0.3959877822575936,1
0.2577729381984229,0.591089629425629,0.16640989226775094,0.7073911708603418,0
0.7471229116217132,0.1962170460236226,0.9392531716257313,0.48360901650110977,1
0.8541730387773934,0.8911848386142929,0.7990576320397424,0.5223434546943012,1
0.40428275084403165,0.41635210580048765,0.5841909213470409,0.4869248743367758,0
0.9287508086413858,0.39743689074640476,1.0,0.436753013620155,1
0.7676992814988828,0.6501422993077357,0.6116316417820589,1.0,1
0.6169424172198397,0.8871593373571788,0.6167477587003786,0.9162678123976806,1
0.826556373221257,0.34604454525540074,0.48406380409473637,1.0,1
1.0,0.6154199624619929,0.8670706647255882,0.40542099608888726,1
0.736373251011699,0.7072041250826432,0.8289407701432652,0.6642507499821785,1
0.7496441172600672,0.773276401815786,0.31229681375113627,0.39129847495918085,0
0.6081278200919511,0.6441103888193063,0.1042258416203698,0.5108610245605872,0
0.5300311261070416,0.5082430402291694,0.4391058087813029,0.466374603316685,0
0.866067163308849,0.3931024448378201,0.2599884306807061,0.8979168012883123,1
0.5287832348182265,0.6215359707615936,0.48094262761539347,0.570754064379648,0
0.7143132474438785,0.33196524700359825,0.8712314404052417,0.8636758667388034,1
0.6044685106469766,0.0,0.362809503473963,0.7708241779177036,0
0.7957959651492783,0.709139951039417,0.48715298560652753,1.0,1
0.7667324210573896,0.8259837102715488,0.5174068204425186,0.35411115537205523,1
0.9075079888515798,0.009266891114540377,0.7545292646615853,0.9018466479573598,1
0.5979967202290506,0.3475673238225156,0.0,0.8792881740801456,0
0.6460250129413257,0.7547885652512994,0.317989911570411,0.4553242323945931,0
0.5042472568435384,1.0,0.5633851076838419,0.851426667294632,1
0.6111413479847776,0.605198426918852,0.8600236869280584,0.7172289926052458,1
0.7754600986089704,0.41799926469271637,0.3524292657481385,0.6045047480093184,0
0.8513977233290704,0.5542758897237899,0.0,0.4852129026056001,0
0.5155669351644748,0.9437191047870461,0.6859134337898409,0.5061781097101629,1
0.8739211840211321,0.4385089552188661,0.3093912833523112,1.0,1
0.9711275717609902,0.4002019983374366,0.1431000022728916,0.6501365637914965,0
0.7826869806447401,0.47931411945449187,0.31269638308603276,0.8064260003062919,0
1.0,0.3616678479353219,0.4446423927032451,0.4918201236664894,0
0.5452421601792854,0.6306675789986989,0.3185766006385362,0.49402941075567225,0
0.45106905933771657,1.0,0.0,0.8663969618499885,0
0.34425595021914424,0.6807698182790073,0.7691198590661397,0.3800847576896936,0
0.9992088622978366,0.5369116244684281,0.8824625123836167,0.5669572464189457,1
0.8308731312708115,0.527047182771114,0.6954565974018517,0.6568054822144465,1
0.6888830658179089,0.20920229782583571,0.15869429887255504,0.6722745203680105,0
0.755993725263964,0.8207774442867897,0.4395525398157446,0.6141813429967687,1
0.4749021905403247,0.5805407007467994,0.4980436054311626,0.7291639562191846,0
1.0,0.5548800216023435,0.6796383168685731,0.7885711511635624,1
0.7258442363950455,1.0,0.7005021466154242,0.796927509091866,1
0.7218789589209785,0.6746882270914215,0.2797478603664513,0.4528392382664347,0
0.8451533247797384,0.4120522374762039,0.5245986669240681,0.5931689804142406,1
0.7962018463473426,0.49341060094861416,0.6371841213845724,0.8889525723753876,1
0.7447768048558262,0.8871114272991887,0.9367466966440299,0.8289294375147744,1
0.5419051089109376,0.6283176026344411,0.7113519619474169,0.3754281097037872,0
0.7942936714271991,0.2404305054206583,0.7367170062126557,0.7202959800704404,1
1.0,0.8298072336438008,0.5251479883788083,0.25435495012503795,1
0.9690840092309956,0.4329639786152515,0.923137743561051,0.659386980412074,1
1.0,1.0,0.6229288387878492,1.0,1
0.5977568647137629,0.8700120164286621,0.24167362694792888,0.46042145654620276,0
0.5020790359482837,0.48816952608531217,0.9210109910375572,0.48313539090168356,0
0.6748426159800703,0.9202540904337781,0.7093709817617083,0.802805956314572,1
0.7111449824577388,0.6169638776318508,0.36708679366145536,0.3414396969580708,0
0.9188383036941896,0.8131934187805548,0.356152109780227,0.5234489940229922,1
0.3615070740570361,0.7211832043236187,0.5889726635422285,0.7692882275163506,0
1.0,0.38841083625228157,0.6389554385802754,0.5231428304621194,1
0.668398420284202,0.4391125419206345,0.5591876796893619,0.6028060025578057,0
0.6146237860105159,0.8574902043952903,0.5933926020328655,0.7988371420630069,1
0.4975791249479664,0.5163061669733647,1.0,0.7343092167073123,1
0.36902866562684605,0.4990878841895008,0.8214629456704656,0.7033636792590804,0
0.8646341167923829,0.36121935516266174,0.5571906773795073,0.5821755441459923,1
0.7146635934376807,0.7058997663983653,0.782393174230245,0.7240122230537911,1
0.4420078200517892,1.0,0.19024282894173816,0.6252534639800487,0
0.4409842455872767,0.33311677143643176,0.6193781149840427,0.741561121985157,0
0.6328430601419743,0.6060548641681895,1.0,0.5506135949764044,1
1.0,0.9530551388538573,0.43458623138228786,0.6134862051240918,1
0.648081729727279,0.5800896521885712,0.24570982141427455,0.45200844148959723,0
0.3993714093763787,0.7130929490624335,0.30437333342208184,0.6429984779987529,0
0.6508513871828111,0.33440161796328005,0.1731100887972835,0.48779982727423105,0
0.6454552860504659,0.7070767743019122,0.264571427561689,0.42719070996760133,0
0.16062267141168562,0.5532139337488627,0.38884757042299134,0.7017322295710776,0
0.6891410266964375,0.8464324989199657,0.0783298942464074,0.6925479551715321,0
0.6538130939582644,0.8968465128911878,0.5046855001848809,0.8065747469897145,1
0.8392412729626837,1.0,0.7706831521359941,0.5637748860849802,1
1.0,0.7449082933033939,0.22767314595592392,0.7316105693673511,1
0.9253130059095515,0.6814490791455416,0.9557851770925306,0.7601595144547326,1
0.6462222618890339,0.648596075394334,0.6532376265582784,0.738954761566319,1
0.4786948182516659,0.5117084267973279,0.8091741756872172,0.4848692634395716,0
1.0,0.6846209608654228,0.3026496338443589,0.6798726964542378,1
0.7118436868028976,0.5261496474652426,0.7563575681199848,0.7228280592109323,1
0.7027858583825892,0.6421152440674035,0.17241982988140608,0.6514356933815885,0
0.6951749825779993,0.9293993839019898,0.7670742502509527,0.23270446832578306,1
0.7396169521535709,0.3483643586800897,0.5515518019380594,0.682097924794696,0
0.6711279176152115,0.8849696402822613,0.665975365995435,1.0,1
0.5852675986239527,0.9292787668349662,0.14732161831254453,0.5779921462486035,0
0.5906282117519215,0.5704828682522303,0.23147904731701863,0.5043845804289357,0
0.6934493459568003,0.06953627524785133,0.6791684654760154,0.7246697119422797,0
0.591315045773247,0.4480445032263919,0.21549559873273977,0.7124756420933144,0
0.5574308434645671,0.9242486366402773,0.6389618876297369,0.888547033083283,1
0.7212860455383793,0.5942829844252795,0.08985865806192628,0.39842636881822246,0
0.6490045565158289,0.3501744419262723,0.7544522638000004,0.7962760505149985,1
1.0,0.4738062696929456,0.1302430055694473,0.7680844122502928,1
0.1698060383213975,0.8101550066261383,0.6656899813038569,0.6215706926118908,0
0.9183013703844923,0.7366833920503448,0.6876892800938003,0.717737463584338,1
0.9492170384995258,0.5402669752075764,0.2909684544711275,0.8558914963196715,1
0.28532195351837003,0.5082938970463281,0.6746079701254181,0.8244630760056901,0
0.6314624811839302,0.5020604627390445,0.5781326790000668,0.4213961375852543,0
0.6257118268008417,0.36939745387537437,0.3383474431421785,0.814031637351097,0
0.4184976610564357,1.0,0.19743359477713757,0.6370622789934963,0
0.5444366624818249,0.519419882697165,0.0,0.664574819603103,0
0.4778848309068342,0.9042896302063741,0.6048950141899081,0.6646393982003389,1
1.0,0.9803290129806128,0.030559168591383468,0.6199514022403481,1
0.8871356786294922,0.8495777245369901,0.5286032598323924,0.888341499421413,1
0.9543110189988318,0.49209492182048786,0.42096553517532526,0.6332564080301576,1
0.844334412808647,0.7009325225841523,0.7037428326314586,0.4260907743233663,1
0.4741896457565541,0.5939510984022709,0.40938635015304076,0.5712940288060543,0
0.5950959467440452,0.37407453481746794,0.4011656640958726,0.6857389433620952,0
0.7978749122455836,0.6810898204304008,0.7195612112864886,0.8958429568594102,1
0.45557443822161087,0.30524005221004935,0.6005174087252353,0.7706189369897667,0
0.8425996860344775,0.896919847115391,0.5948467871548335,0.47989294425059126,1
0.651934920368373,0.4838456756754017,0.6407802769425579,1.0,1
0.6250358384900805,0.6502899139682098,0.0393283630378683,0.702955062195596,0
0.8421919936406983,0.6708219678865355,0.7270366039960946,0.905078147599803,1
0.7888526622972079,0.5352737565739807,0.6837406382040807,0.6196571132845542,1
0.627806766836184,0.7466734503688186,0.19499506142705086,0.75667184894109,0
0.9318659606728495,0.48127408584436887,0.42677585789773964,0.817893700903681,1
0.4837873344800205,0.8178243243643111,0.4882078137117106,0.8936389423508513,1
0.8231871213888527,0.26350507993831285,0.4596509646794802,0.861473661075645,1
0.8186202515936767,0.6315948948866029,0.6001579899705604,0.8244394000145956,1
0.6380907121372019,1.0,0.929410034549355,0.5869826537611783,1
0.7652266044484235,0.3499171688486063,0.8245300183018486,0.5356507916087877,1
0.4497772847229394,0.4305637573687871,0.10633424197057811,0.7165215020648396,0
0.8848054038413802,0.7284769624147287,0.6866209970918146,0.8366256144682139,1
0.6630195727114021,0.6448954454848994,0.8986799958606229,0.6054558598446786,1
0.595455395896192,0.6876575248183898,0.6160425562067607,0.8630343931428773,1
0.9098018451673778,0.7222967825369159,0.8272941275557901,0.9405233490972359,1
0.5591312618914481,0.7586803671404425,1.0,0.46673581618531607,1
0.418307740727288,0.8774249604890558,0.8071128638320944,0.482615859240744,1
0.3886741652952192,0.7024546642321281,0.5747925786925187,0.6219249882189327,0
0.8212019902691279,0.5396855863453643,0.8135265422254261,0.7115225336378393,1
0.4439141295007433,0.7681434253006828,0.5434663499290674,0.5450865972465898,0
1.0,1.0,0.5071709129854867,0.9204405357734289,1
0.2836141184232555,0.5668415634043565,0.39457572928588025,0.7348133723036903,0
1.0,0.3563676738323396,0.9690240076496324,0.6578894096481479,1
0.7422034934405236,0.8767701673217432,0.2544714002173996,0.3628180952262945,0
0.6806573776259215,0.5699047090116004,0.9597103174034347,0.3868368367144986,1
0.59101618263821,0.056832613496490936,0.6499592371221115,0.7062018500563613,0
0.7798272228704142,0.8118554192876054,0.08020814755941758,0.22348087476903278,0
0.6924730595150302,0.4661679535115193,0.6102947878974265,0.8525274819288144,1
0.9206603764033042,0.5773666794239598,0.0,0.618369231125536,0
0.7228455297324079,0.6829950826422536,0.6876524050493107,1.0,1
0.7300603522923754,0.6476249199447666,0.7655694448966973,1.0,1
0.6272775575572288,0.7773629542847599,0.32229321330438393,0.6137101861504967,0
0.6886108752557865,0.49112840735753915,0.5370643087866747,0.628732599493737,0
0.7615603537784118,0.7282764495440206,1.0,0.849116302800406,1
0.3579663214686748,0.5351133306040207,0.34827598872141896,0.9906345219836076,0
0.43036291557885736,0.7847026202218758,0.18232772388301988,0.32239418851279666,0
0.848652818804543,0.7538418710032633,0.9444990207387796,0.29272490692906267,1
0.7341730876255883,0.36614032448885114,1.0,0.5255930388891237,1
0.6632033327294641,0.871495529043758,0.5011087015543542,0.7665475166347729,1
0.7036867866130786,0.46600913872148797,0.8034389106225068,0.7493747181015195,1
0.7695163410723341,0.8020144495702862,0.9024427746592643,0.8639542909967701,1
0.5920480639381276,0.6918218283503351,0.2772547302384848,0.41006049432693836,0
0.5443390549195374,1.0,0.35440824938963955,0.18677122740622465,0
0.7391690510195362,0.5441335044070369,0.8692623539464205,0.8216028390604291,1
0.5043254444769936,0.5126708009704506,1.0,0.48436074540695306,1
0.7816505511428944,0.5951450985280669,0.6688642580523064,0.2463024271222724,0
0.35948327915243183,0.5242050542914312,0.23605569394938375,0.6790127491918764,0
0.9058311274651287,0.7999854754855125,1.0,0.8086351376437355,1
0.7945194964826086,0.195922347890853,0.34070873065641066,0.6255885735757446,0
0.7512059468627751,0.33657939521341146,0.39945866564856447,0.5584303227635021,0
0.8965381967891027,0.3330492696052017,0.6027013503468864,0.6181275535708187,1
1.0,0.837576897993394,0.9662481262144322,0.5758834475198434,1
0.902874013003626,1.0,0.7561927929656671,0.3803905776119666,1
0.3318251537336709,0.5738876953656321,0.6244596501085731,0.5070638646019137,0
0.44408460665285965,0.5577945692024974,0.6389865590354319,0.7542559810027629,0
0.5750362844608642,0.6175130407782953,0.5130544005930399,0.7143357082753,0
0.7052182100421667,0.8904695756520475,0.6674418543555519,0.6836119611933641,1
0.8035318040938246,0.36816171645235646,0.0,0.4509703036293241,0
0.5548512373693069,0.6595922456836962,0.4110177622790605,0.6136993675728666,0
0.7373533528954156,0.8437994074456074,0.5723965804750343,0.21458699071142906,1
0.5489234135293355,0.7252735424849612,0.15469577491414788,0.685695332777078,0
0.5776964394016103,0.6473954041496859,0.615896995343468,0.9357715415627135,1
0.4186677806303555,0.8502615231417853,0.4386586337041635,0.35517357359157886,0
0.5153533507778191,0.0,1.0,0.5328144653364489,0
0.4296630788767332,0.7694688298827269,0.9719059175644569,0.7158213557420259,1
0.5048253494045334,0.43648107921814405,0.36025832926455115,0.9005685268854968,0
0.9107283593215678,0.14234177578588575,0.4547486865299914,0.5603550767399701,0
0.5101202222336113,0.7278006498812452,0.4778157303174822,0.5115499341468207,0
1.0,0.9434146362907394,0.3645021571521132,0.25621537151678336,1
0.7986635801761778,0.565637871343077,0.558507495208438,0.6706876258616213,1
0.7369672247389747,0.8382186368007347,0.27251537933372294,1.0,1
0.5283284439637572,1.0,0.16081539951874213,0.7054716923929352,0
0.8400619758817982,0.9287286133960118,0.6868133671700806,0.6455442041632573,1
0.5848724347524452,1.0,0.6888588752665432,0.7144164621533972,1
0.7244019629290722,0.785531872767973,0.25870527210200234,0.6477815992102796,1
1.0,0.6188584097253982,0.7686066292287799,0.48739712554797404,1
0.68078802005507,0.19950854702570786,0.3105266812504006,0.8146559831355411,0
0.9298546652571351,0.5384843779675128,0.5759495714113944,0.6951523046223509,1
0.5593647149748224,0.3891883511709521,0.7461032037837367,0.6535226503867315,0
0.6930023019006076,1.0,0.4899162305888861,0.45492679454435003,1
1.0,0.5560285468919158,0.6364222736423403,0.9107015863869519,1
0.5746065884424465,0.6308012016961214,0.3450711068337285,0.782940549066622,0
1.0,0.7378713440101169,0.4410600249715709,0.5394158325265396,1
0.8415503870910951,0.6109006115931134,0.4382421707358979,0.8503649707363875,1
0.5875066448211465,1.0,0.27602649603792834,0.5504858323229586,1
0.8264815478111042,0.444337659566387,0.4469677510652654,0.49359930149779263,0
0.894510889925346,0.6486518638093106,0.035414510340876004,0.4980593765039426,0
0.8243619924434392,0.4143823535754879,0.3526538758573686,0.2957862893823818,0
0.38595505602190866,0.26999437219482353,0.41453735198909875,0.7443084760836411,0
0.5545725648350263,0.44705772727367865,0.42314607425138595,0.28377102433233,0
0.650496272889699,0.5907408007378969,0.42755076623876637,0.4043112337468475,0
0.6851133141799907,0.492674443870685,0.48147074004196133,0.23488239818429335,0
0.8241344195101356,0.42689475503153596,0.6438324554258191,0.6327860614418214,1
0.7355402001866507,0.2484206340820415,0.7623551222397568,0.6199359079456256,0
0.4329311282579797,0.5792236068428263,0.30507043194551986,0.5846607573627272,0
0.7760395702011926,0.22381990649224942,0.1390397433832567,0.4414844610658848,0
0.8221171490567646,0.7900139909224007,0.18738667632706912,0.415553249312672,0
0.811958089586208,0.6206099382336258,0.35383912364152187,0.7428739727093149,1
0.9161561451109244,0.23561212513376734,0.3944236046550473,0.5398896136583025,0
0.8667844309097807,0.5226977307375341,0.2690011801407628,0.713271664307229,1
0.7918360158456873,0.4119608986023542,0.11116500072503166,0.4729502627751555,0
0.6859668577082706,0.6797936276047951,0.3631637517577435,0.6862125485542165,1
0.3678078132968017,0.9351126115057862,0.5544279860341914,0.9106556074632128,1
0.7859236438265171,0.13120688258856383,0.6785088397506694,0.7672331600785567,0
0.7415375374326222,0.6287565197868543,0.3327730840675036,0.5675172363567039,0
0.7543157674390747,0.5599668011083399,0.3761006533569698,0.7014397940711855,1
0.44465028483593805,0.7678350191126164,0.22199050734580678,0.6018669650939574,0
0.4837886919183475,0.6532991570594222,0.49056824888756706,0.6515760369389456,0
0.9106305706665807,0.41200766706529524,0.2454714097427556,0.5848777895702993,0
0.6920889692286689,0.5202365160833454,0.6719383439723601,0.6171329588229217,1
0.8363001394745249,0.4009935357991277,0.0,0.6924186706148351,0
0.7056636752260922,0.8690017846496496,0.39211109826426127,0.4513282600836099,1
0.705951227899149,0.6053279121679855,0.5903322017575227,0.4468242346020044,1
0.8876567611951995,1.0,0.5551503548967514,0.3722914892337578,1
0.5967910543565251,0.5848347965463447,1.0,0.32994577909925804,1
0.7192241553881966,0.4228983082723843,0.6049400073703722,0.40654346155590415,0
0.6075449422589915,0.2215714018467932,0.19878362094739693,0.6818925013608259,0
0.6131007545135368,0.1492150809360137,0.4713607258732781,0.4714424969016232,0
0.638165575306272,0.20396601424862754,0.0,0.7527228928462193,0
0.7444267543267425,0.6667816627528709,0.47582007521097175,0.6569427497505124,1
0.6042502756673045,0.7271812558074835,0.2500831828997724,0.2562991573123893,0
0.9511512251147041,0.20470232449196663,0.7746170826680485,0.780995116844338,1
0.5210785395560992,0.8237595785190288,0.33513791762133954,0.812159729118342,1
0.6626256711677282,0.4792347370791401,0.464970225261426,0.45122746503302935,0
0.612053788345165,0.6366982529963873,0.30933264757867895,0.7340383085789983,0
0.9893955768707465,1.0,1.0,0.47870035251816023,1
0.7393109553023149,0.824209828966383,0.4036271701646265,0.6695340753496671,1
0.9063689078937269,0.5328673380235419,1.0,0.3971003186090069,1
0.40288792539260554,0.3772019436461781,0.74424552863548,0.29137870949308464,0
0.7534100531738517,0.062046149667673745,0.6446200182006159,0.5734365620774062,0
0.8779261591246874,0.420211670189395,0.6106199441952559,0.6252542107450327,1
0.7164567978550848,0.5472174402930764,0.6181391894648754,0.5704640612770793,1
0.9130960750130702,0.353205118212204,0.0,0.4131938883554881,0
0.5965423099799255,0.5671857582269237,0.416334981754773,0.5700201875737726,0
0.9818694880371159,0.6192129707396921,0.7535473913552965,0.7038589505161468,1
1.0,0.5437860045479803,0.48533084495776835,0.6410213939754926,1
0.6274322879120682,0.43749935479413504,0.07844304595892748,0.6865002061198427,0
0.6108994957198456,0.6421636679916819,0.4842786648267592,0.5159769599091535,0
0.9906768954235401,0.7104851623923523,1.0,0.884343582943232,1
1.0,0.32740023063928847,0.8740675146604158,0.4147653326890439,1
0.5954279945693463,0.9527330949365675,0.48139879719019046,0.7475120594173438,1
0.6159626365808285,0.5753529669289346,0.785434783117426,0.8863782185919924,1
0.6436430782278986,0.6047124057362119,0.39004789388958444,0.7461816185497792,0
0.4311098977931445,0.7770536058141393,0.0,0.609495154587034,0
0.5162696107031604,0.6583040328158754,0.2226602035611337,0.5443405906674041,0
0.49917184664958636,0.8382841584783113,0.9688666305524594,0.8572175302092513,1
0.5464404869791742,0.671781041300456,0.41780207545120873,0.3654050149476654,0
0.6930630225226437,0.4468906563398905,0.42698480618749457,0.4559751479240713,0
0.7468429465073041,0.6903758813015254,0.41004854111753586,0.5704884469016558,1
1.0,0.31406844816983454,1.0,0.8975307515023997,1
0.5003291918522418,0.6271399264441307,0.9877876746086189,0.7259535272081792,1
0.8968644796953167,0.5916925023388848,1.0,0.45639084829795096,1
0.6572022311548982,0.5479707856818651,0.4522864368799846,0.5879384589230193,0
0.6901072580695133,0.5678656221402673,0.5886873466241285,0.5271353711807412,1
0.8349638984333208,0.1295377386255902,0.045007235173762705,0.508042201553293,0
0.47545559568754026,0.4628187730647596,0.9430803278354822,0.8457779117113559,1
0.77648194923681,0.6232112252852786,0.14966613461961953,0.3756513741472989,0
0.7332904416426111,0.6399640979993501,0.5650326691287887,0.9717561711468747,1
0.7984902528016298,0.34308121476851045,0.17080924171014678,0.8156459380369245,0
0.7578337287815635,0.9164269602161752,0.32333995197839116,0.8681723341207397,1
1.0,0.38345628794637476,0.2488212706850899,0.5574120975949484,0
0.5724520031497368,0.8423643001316842,0.3176374217972546,0.6200118561841782,0
0.5938006089996364,0.7067985904679212,0.3382631890553064,0.3633696370950576,0
0.575371894715047,0.4384431725390492,0.33551936152247686,0.5450675185866394,0
0.588904576167949,1.0,0.7500001735340922,0.7487309695286302,1
0.5725225745386964,0.30159079206087996,0.16854116208124398,0.9092126123562793,0
0.9378033062215103,0.8297885434025003,0.5661624281041601,0.42856863663950967,1
0.984100849597971,0.8501455795107445,0.8653877456916674,0.5768988126029468,1
0.5858507412501047,0.43234494773083876,0.3460410906459812,0.6197401559534955,0
0.5335288853791542,0.9481163250160822,0.2846243327757194,0.37084215956150296,0
0.7942831112772808,0.5374883713502618,0.43084261244592476,0.7682698483516801,1
0.5895553911438057,0.6721734073199642,0.853917562508213,0.5052019336514781,1
0.8265863635511022,0.6650804596928052,0.5582322892860073,0.6109219297645953,1
0.74058460417026,0.566422814632363,0.34063571161772044,0.5596101256176245,0
0.39685117700055356,0.8027020682899455,0.645162995356412,0.49213229885606513,0
1.0,0.7983721801380532,0.169312355049073,0.648591002903889,1
1.0,0.16286700669045479,0.7044078531328843,0.6068780842863956,1
0.5774422619031228,0.9260850607195381,0.6225821923105302,0.5756284235442669,1
0.6224596880128032,0.1843770029910814,0.4076574586583348,0.5043076756639314,0
0.7571730781449809,0.8581365510854143,0.24842426046583072,0.7139049341565911,1
0.7668913579974049,0.8816762842068958,0.23399572331496282,0.980723453698457,1
0.8317088545345661,0.3272583924462004,0.6604452009037731,0.6779774465678255,1
1.0,0.49729642801135376,0.8686941507467185,0.8492236429822259,1
0.6646105545011901,0.32357383287851604,0.3088076758913616,0.37195561496930746,0
0.5403405510923092,0.5462697424278161,0.6375160110654453,0.6815522878587539,0
0.4241361543970945,0.5229914289535647,0.0,0.43052633620578673,0
0.5538139920116161,0.794915133067335,0.32461468080284017,0.3546150144936197,0
0.6933746054252405,0.9275771865299021,0.4906823201387294,0.5021257185081928,1
1.0,0.948920952697489,0.22709497490544994,0.8883798668827146,1
0.5964777401927657,0.4594579933554245,0.21904808756312122,0.8400031657339292,0
0.7447575903277797,0.547694531563868,0.29966613305933415,0.6986009444108799,0
0.6967154207854496,0.1791404519447624,0.587657818497912,0.3434598880220138,0
0.9376786546896168,0.3985324833759528,0.4438012944780876,0.6107438697224127,1
1.0,0.8412129082743643,0.0,0.7103400017803472,1
0.5938262454159358,1.0,0.0,0.6851072459157196,0
0.6021121114963555,0.29141278203001947,0.3179404466428474,0.28124128330385084,0
0.9088321754138143,0.4518839352117764,0.6373059758160656,0.4719364303960256,1
0.8363782979252623,0.5933985607602682,0.0,0.6371844471702567,0
1.0,0.6700402897049017,0.3500809471545108,0.7572581819034381,1
0.8167856370651927,0.3975991200195884,0.34212564304477366,0.2107744357800107,0
0.6281415818425881,0.7060152611160224,0.9165013334625343,0.6175752049040283,1
0.8181309661384618,0.48154016323227095,0.3844934564861409,0.6786097539757905,0
0.9217407161165815,0.5963869322804302,0.6148966954222785,0.8199223977032426,1
0.8640964362394727,0.7365710620009249,0.542377142026239,0.7885715168474874,1
0.8014548062214595,0.6016055674527344,0.0,0.766514263761761,0
0.9133349379178307,0.49090352736835785,0.7304621649895212,0.49001189865961314,1
0.9338591180891345,0.5725975490185423,0.5646189516368864,0.2683995725753385,1
0.9764317982075055,0.5779092601986662,0.6524805919023768,0.5713894485877198,1
0.8297419775179284,0.507497242529468,1.0,0.8503263650417121,1
0.6665763839366291,0.5353009843332244,0.0,0.9286909055048863,0
0.7293427372866645,0.9996617926261793,1.0,0.7921098204595571,1
0.9413017933016713,0.7402298619853096,0.4137657441798933,0.7358681645603469,1
0.5366128658025527,0.5261299204927099,0.5861986713209028,0.7259279296771931,0
0.7737346617745802,0.7742386011276838,0.4863463264096273,0.538776250647844,1
0.6213322375345278,0.5165451275609975,0.37272909998058695,0.623987941289276,0
0.7057489645869635,0.8932811593966603,0.3290501215283724,0.9838139051652662,1
0.9556903725214597,0.6924105480495235,0.5988526206719027,0.46148839884162474,1
0.7382198136039806,0.5731744639989428,0.04484789099849629,0.9729557581419703,0
0.7092873096312298,0.7119292314525694,0.7251737502565296,0.5855943691015884,1
0.4280287718040161,0.20728096198287516,0.3751416785344238,0.9150864218190158,0
0.8492507132054441,0.31830813277254866,0.1609791982878927,0.3686369981004924,0
0.8290968362282151,0.3015187484002361,0.3649961426012559,0.7671808402329299,0
1.0,0.6357357736909267,0.8771447650587718,0.5026459728104756,1
0.6384443530093998,1.0,0.33939947389513303,0.36694656161516254,0
0.7438300655327877,1.0,0.6075360854628861,0.6937068084821891,1
0.749876736742151,0.7595127753601892,0.280713117285358,0.8518943577191938,1
1.0,0.7252111187361142,0.7273765549770859,0.48101171228130074,1
0.6809408935226096,0.14973556646181524,0.7056523216370613,0.35019680790831975,0
0.7558043051540678,0.4643315500664945,1.0,0.631631047133009,1
0.8215793019433077,0.40305406202294025,0.44733081635023536,0.6325129342445638,0
0.7373218246312716,0.44478810043722095,0.700596441427372,0.7596639255108998,1
0.6107132770898943,0.5579640453538026,0.5294202618616833,0.8399189142728977,1
0.7388179985796615,0.48197735557571814,0.8887615345589043,0.6381169637455012,1
0.9147263499719543,0.10517504740605305,0.2843502837173809,1.0,0
0.49469694011778786,0.7869775640293835,0.7235015938631844,0.6948469489070583,1
0.7265939348293752,0.33181424356504835,0.4415908111649955,0.5807146987986201,0
0.5599758370121652,0.6598117160277873,0.4807435468674507,0.32768652817943444,0
0.9390093257849684,1.0,0.5275257453345119,0.5974680959367664,1
0.395362619043245,0.37015385210339413,0.5756721189280032,0.5827226109177728,0
0.5882156305456823,0.0,0.46513128706341256,0.8420609592562941,0
0.7754423750129041,0.5284989445299723,0.5644139549511579,0.7424967248133708,1
1.0,0.8752399087496427,0.9734354172686553,0.41412617567347654,1
0.6868499477854024,1.0,0.7956349056845655,0.6844508772822075,1
0.5889600946613602,0.29261260138689577,0.760746377749069,0.7843062343458107,0
1.0,0.7241748058091304,0.3633381421928388,0.9556062718775666,1
0.41039721991675115,0.4836723858049866,0.2332277515315027,0.8275007934828119,0
0.26023880867598354,0.5735129114239661,0.7865901674713258,0.8021693308622956,0
0.7880028900106665,1.0,0.7628140377589383,0.6620171989230328,1
0.5995891551294777,0.22425741790121168,0.9418012027252947,0.7276624010846899,1
0.4957534365738573,0.6634349153736433,0.31880581220923115,0.8999009801412318,0
0.8416712894598706,0.7169232929413583,0.4311354033918959,0.3834445205040701,1
0.7487601427542397,0.8714465812348368,0.008154751242369751,0.5801121345566088,0
0.5871842738526543,0.6244957883677238,0.38225866818173815,0.49548625024875187,0
0.44393912026582105,0.6770126348760256,0.7989711531738342,0.7258306237452249,1
0.8744914656560289,0.5020878581445523,0.36005138623154065,0.8960444351301575,1
0.8300402355917321,0.6672817353112768,0.6921439385602471,0.5306051426557852,1
0.6801648272441234,0.5142019311256474,0.4428490682006566,0.17193912650611243,0
1.0,0.7553929724640127,0.5972171084664681,0.567555850995106,1
0.48598304673476944,0.5075974159890915,0.15569258305529982,0.8326947464034813,0
0.3948949658150522,0.6942750984755466,0.5255628348901703,0.757525980589976,0
0.561618386023751,0.5926842965787554,0.0,0.7356372495621153,0
0.6908827967289004,0.881512562693042,0.44393115255140453,0.594001339625104,1
0.7486678898645384,0.5871515691028785,0.010858026885458005,0.39419385275604274,0
0.651752788428734,0.15674188294827962,0.8617983549640448,0.7530588643248936,1
0.7704110793028593,0.9154803751784979,0.7332222058293534,0.483143637993075,1
0.44969211516191115,0.3735669247843453,0.6400012945898244,1.0,0
0.9887529208146519,0.43655841533779505,0.9563018681478139,0.7641014416709032,1
0.6835697643214862,0.451084676489127,0.21532504375254885,0.5338703394892098,0
0.9234591663176255,0.9436095232927043,1.0,0.5277229505222744,1
0.7685450692755408,0.0660814465053261,0.7796574692781154,0.6314111586772824,0
0.7913506438307567,1.0,0.4290334138343162,0.6020996155956501,1
0.8139534560464408,0.8640142022665129,0.8406860441548832,0.8733667551059909,1
0.7895417120034629,0.6558097285322899,0.16811194627650977,0.6872832339488093,0
0.8285445519735087,0.5862764998459283,0.25264575154169794,0.5036736522182944,0
0.9658305060264862,0.6713885187144142,0.31742308302808986,1.0,1
0.739304233940294,0.7302806070948346,0.3413066875807954,0.6598616663040445,1
0.8418007515177024,0.7613038964875143,0.18303270717192416,0.8037679351937794,1
0.6820528611425546,0.7389011165008621,0.8669249201285976,0.5283546985110481,1
0.9880234430898945,0.6223951703138122,0.4223436798890505,0.7226231255489047,1
0.564721539588146,0.5506653949231685,0.6057514905070639,0.7122219982286391,1
1.0,0.5621816790866221,0.32889459007589583,0.2720701415807694,0
0.6919684098711313,0.5512729299118297,0.0,1.0,0
0.4138449795763903,0.8834425242167661,0.5810172075174266,0.9081288921845094,1
0.7256208829821578,0.7483891805702154,0.0,0.5705609367708024,0
0.5637896685050238,0.0,0.4794097861743594,0.4295460519088289,0
0.8681287097977448,0.7639751941324402,0.08950548835015687,0.7195123227607104,1
0.5694752041395218,0.6486840486796936,1.0,0.6673395398828793,1
0.610763313357044,0.5953228108885257,0.7734088166524165,0.7211337897126459,1
0.3220918538108937,0.5028703867277785,0.5317261373814441,0.688315479238818,0
0.6095387361501846,0.8810281799965034,0.8791120032964006,0.7512481978611852,1
0.2152241346742086,0.8368816155307144,0.24610520676027925,0.9394611398783613,0
0.3832194353028553,0.4067805830440977,0.6630438136010279,0.7636206410257292,0
0.8520829312288595,0.7017630717811337,0.559943130115614,0.4400689002180118,1
0.8571600317301664,0.3570858163646785,0.5792060244001009,0.9225125705424904,1
0.7850915123569929,0.25509545880276735,0.8817060500320304,0.9781229126976575,1
0.5066047713741574,0.4433206938525087,0.7197476308339407,1.0,1
0.6904577287716039,0.8155983680956896,0.586617098847507,0.4253011933520804,1
0.6992794921818862,0.8382812613440216,0.0035337691315111552,0.698576402630055,0
0.4683270621614914,0.7282713550243232,0.21198611141616092,0.23358025936220256,0
1.0,0.7812739467119992,0.46318731992128276,0.7606298312758418,1
0.8754724581151343,0.7290445717787396,0.5280117122829954,0.5403599403666455,1
0.6558071652340671,0.4396296011942619,0.16093888259782285,1.0,0
0.7053771677989061,0.7079806361684852,1.0,0.4950770059962836,1
0.7416765615895105,0.8001023813069206,0.9549182165760719,0.31216339240654767,1
0.2916530263151418,0.7885728324533936,0.680635496117745,0.5557472518594961,0
0.6505645234958806,0.8972283428686607,0.5216110583851234,0.2549024457565725,1
0.5636031504004402,0.777075961800266,0.4363373090296545,0.8002198909014621,1
0.4996759980210168,0.6878620518853957,0.21442446199332932,0.23698339074873587,0
0.6437799414228089,0.8675375595791068,0.5232441555556587,0.6556915162366318,1
1.0,0.5933696851877349,0.5773257620428252,0.23443763602876067,1
0.8281685722534019,0.37953133719307053,0.1274718273555127,0.5859404390926717,0
0.5857642020434406,0.559233259014059,0.6002529251734692,0.9786756311609068,1
0.8145165562712317,0.4137743387983877,0.4534222853525754,0.7221295782871591,1
